<?xml version="1.0" encoding="UTF-8"?><module codename="org.netbeans.core.osgi">
    <module_version install_time="1462119015806" last="true" origin="installer" specification_version="1.21.1">
        <file crc="4106410406" name="config/Modules/org-netbeans-core-osgi.xml"/>
        <file crc="4270937532" name="modules/locale/org-netbeans-core-osgi_ja.jar"/>
        <file crc="590202960" name="modules/locale/org-netbeans-core-osgi_pt_BR.jar"/>
        <file crc="2557291953" name="modules/locale/org-netbeans-core-osgi_ru.jar"/>
        <file crc="2127451254" name="modules/locale/org-netbeans-core-osgi_zh_CN.jar"/>
        <file crc="2842536193" name="modules/org-netbeans-core-osgi.jar"/>
    </module_version>
</module>
