<?xml version="1.0" encoding="UTF-8"?><module codename="org.openide.awt">
    <module_version install_time="1462573738549" last="true" origin="installer" specification_version="7.65.1">
        <file crc="3208246121" name="config/Modules/org-openide-awt.xml"/>
        <file crc="2026407688" name="modules/locale/org-openide-awt_ja.jar"/>
        <file crc="2811802848" name="modules/locale/org-openide-awt_pt_BR.jar"/>
        <file crc="617844444" name="modules/locale/org-openide-awt_ru.jar"/>
        <file crc="3528567480" name="modules/locale/org-openide-awt_zh_CN.jar"/>
        <file crc="268616135" name="modules/org-openide-awt.jar"/>
    </module_version>
</module>
